[{"metodoPagamento":"Cartao","pedido":{"data":"2024-03-14","produtos":[{"nome":"Espetinho","descricao":"espetinho de frango","preco":6.99,"quantidade":60,"administrador":{"nome":"Igor","email":"igorkramigra@gmail.com","senha":"123","id":2},"id":1},{"nome":"Bolinha","descricao":"bolinha de queijo","preco":4.99,"quantidade":40,"administrador":{"nome":"Igor","email":"igorkramigra@gmail.com","senha":"123","id":2},"id":3}],"cliente":{"endereco":"Rua Castelo Branco, 132, Centro","numeroTel":"(47)98832-7228","dataNascimento":"2004-10-19","nome":"Gianluca","email":"gianluca191004@gmail.com","senha":"12345","id":1},"id":1},"valorPagar":11.98,"id":1}]