[{"nome":"Espetinho","descricao":"espetinho de frango","preco":6.99,"quantidade":60,"administrador":{"nome":"Igor","email":"igorkramigra@gmail.com","senha":"123","id":2},"id":1},{"nome":"Espetinho","descricao":"Espetinho de Frango delicia","preco":6.99,"quantidade":60,"administrador":{"nome":"Igor","email":"igorkramigra@gmail.com","senha":"123","id":2},"id":2},{"nome":"Bolinha","descricao":"bolinha de queijo","preco":4.99,"quantidade":40,"administrador":{"nome":"Igor","email":"igorkramigra@gmail.com","senha":"123","id":2},"id":3}]